"","payment_date","payment_amount","week","gap"
"67",2026-03-31,0,14,8
"68",2026-04-01,0,14,9
"69",2026-04-02,0,14,10
"70",2026-04-03,0,14,11
"71",2026-04-04,0,14,12
"72",2026-04-05,0,14,13
"73",2026-04-06,0,15,14
"74",2026-04-07,0,15,15
"75",2026-04-08,0,15,16
"76",2026-04-09,0,15,17
"77",2026-04-10,0,15,18
"78",2026-04-11,0,15,19
"79",2026-04-12,0,15,20
"80",2026-04-13,0,16,21
"81",2026-04-14,0,16,22
"82",2026-04-15,0,16,23
"83",2026-04-16,0,16,24
"84",2026-04-17,0,16,25
"85",2026-04-18,0,16,26
"86",2026-04-19,0,16,27
"87",2026-04-20,0,17,28
"88",2026-04-21,0,17,29
"89",2026-04-22,0,17,30
"90",2026-04-23,0,17,31
"91",2026-04-24,0,17,32
"92",2026-04-25,0,17,33
"93",2026-04-26,0,17,34
"94",2026-04-27,0,18,35
"95",2026-04-28,0,18,36
"96",2026-04-29,0,18,37
"97",2026-04-30,0,18,38
"98",2026-05-01,0,18,39
"99",2026-05-02,0,18,40
"100",2026-05-03,0,18,41
"101",2026-05-04,0,19,42
"102",2026-05-05,0,19,43
"103",2026-05-06,0,19,44
"104",2026-05-07,0,19,45
"105",2026-05-08,0,19,46
"106",2026-05-09,0,19,47
"107",2026-05-10,0,19,48
"108",2026-05-11,0,20,49
"109",2026-05-12,0,20,50
"110",2026-05-13,0,20,51
"111",2026-05-14,0,20,52
"112",2026-05-15,0,20,53
"113",2026-05-16,0,20,54
"114",2026-05-17,0,20,55
"115",2026-05-18,0,21,56
"116",2026-05-19,0,21,57
"117",2026-05-20,0,21,58
"118",2026-05-21,0,21,59
"119",2026-05-22,0,21,60
"120",2026-05-23,0,21,61
"121",2026-05-24,0,21,62
"122",2026-05-25,0,22,63
"123",2026-05-26,0,22,64
"124",2026-05-27,0,22,65
"125",2026-05-28,0,22,66
"126",2026-05-29,0,22,67
"127",2026-05-30,0,22,68
"128",2026-05-31,0,22,69
"129",2026-06-01,0,23,70
"130",2026-06-02,0,23,71
"131",2026-06-03,0,23,72
"132",2026-06-04,0,23,73
"133",2026-06-05,0,23,74
"134",2026-06-06,0,23,75
"135",2026-06-07,0,23,76
"136",2026-06-08,0,24,77
"137",2026-06-09,0,24,78
"138",2026-06-10,0,24,79
"139",2026-06-11,0,24,80
"140",2026-06-12,0,24,81
"141",2026-06-13,0,24,82
"142",2026-06-14,0,24,83
"143",2026-06-15,0,25,84
"144",2026-06-16,0,25,85
