--
-- PostgreSQL database dump
--

\restrict rwVQcdjl7Ptkb7asXlo6uzqpiw7EBI9DpiygLRa6dHdKaPK84tANvNmVplPnDB4

-- Dumped from database version 18.2
-- Dumped by pg_dump version 18.2

SET statement_timeout = 0;
SET lock_timeout = 0;
SET idle_in_transaction_session_timeout = 0;
SET transaction_timeout = 0;
SET client_encoding = 'UTF8';
SET standard_conforming_strings = on;
SELECT pg_catalog.set_config('search_path', '', false);
SET check_function_bodies = false;
SET xmloption = content;
SET client_min_messages = warning;
SET row_security = off;

--
-- Data for Name: bookings; Type: TABLE DATA; Schema: public; Owner: postgres
--

COPY public.bookings (booking_id, customer_id, service_id, scheduled_date, status, created_at) FROM stdin;
1	39	3	2026-02-01 06:26:51	COMPLETED	2026-02-20 11:01:39.845909
2	29	3	2026-01-23 21:18:24	CANCELLED	2026-02-20 11:01:39.845909
3	15	2	2026-02-17 03:53:32	CANCELLED	2026-02-20 11:01:39.845909
4	43	1	2026-02-14 05:40:00	CANCELLED	2026-02-20 11:01:39.845909
5	8	1	2026-02-12 03:08:46	COMPLETED	2026-02-20 11:01:39.845909
6	21	2	2026-02-04 00:10:27	COMPLETED	2026-02-20 11:01:39.845909
7	39	1	2026-01-31 09:51:30	CANCELLED	2026-02-20 11:01:39.845909
8	19	2	2026-03-15 09:49:25	CANCELLED	2026-02-20 11:01:39.845909
9	23	2	2026-01-29 21:36:34	COMPLETED	2026-02-20 11:01:39.845909
10	11	3	2026-03-19 18:58:29	CANCELLED	2026-02-20 11:01:39.845909
11	11	2	2026-03-03 10:10:35	PENDING	2026-02-20 11:01:39.845909
12	24	3	2026-01-24 13:05:11	COMPLETED	2026-02-20 11:01:39.845909
13	36	1	2026-01-24 08:27:36	CANCELLED	2026-02-20 11:01:39.845909
14	40	1	2026-01-30 13:21:11	COMPLETED	2026-02-20 11:01:39.845909
15	24	1	2026-02-11 16:29:27	PENDING	2026-02-20 11:01:39.845909
16	3	1	2026-02-13 01:10:00	COMPLETED	2026-02-20 11:01:39.845909
17	22	3	2026-03-11 12:35:26	COMPLETED	2026-02-20 11:01:39.845909
18	2	1	2026-03-20 21:49:58	COMPLETED	2026-02-20 11:01:39.845909
19	24	2	2026-01-24 00:51:38	COMPLETED	2026-02-20 11:01:39.845909
20	44	2	2026-03-16 22:49:23	PENDING	2026-02-20 11:01:39.845909
21	30	2	2026-02-09 18:21:10	COMPLETED	2026-02-20 11:01:39.845909
22	38	3	2026-03-15 08:49:59	COMPLETED	2026-02-20 11:01:39.845909
23	2	1	2026-03-03 04:34:46	CANCELLED	2026-02-20 11:01:39.845909
24	21	1	2026-02-11 20:41:28	COMPLETED	2026-02-20 11:01:39.845909
25	33	1	2026-03-06 01:45:37	CANCELLED	2026-02-20 11:01:39.845909
26	12	3	2026-03-19 16:06:57	PENDING	2026-02-20 11:01:39.845909
27	22	2	2026-02-17 11:15:31	PENDING	2026-02-20 11:01:39.845909
28	44	2	2026-01-22 02:10:14	PENDING	2026-02-20 11:01:39.845909
29	25	1	2026-02-05 23:03:38	PENDING	2026-02-20 11:01:39.845909
30	49	2	2026-03-03 11:47:25	CANCELLED	2026-02-20 11:01:39.845909
31	27	2	2026-02-23 11:52:07	COMPLETED	2026-02-20 11:01:39.845909
32	42	3	2026-02-17 10:30:52	PENDING	2026-02-20 11:01:39.845909
33	28	3	2026-02-05 13:19:15	COMPLETED	2026-02-20 11:01:39.845909
34	16	3	2026-02-11 08:44:41	CANCELLED	2026-02-20 11:01:39.845909
35	15	3	2026-02-23 03:20:58	CANCELLED	2026-02-20 11:01:39.845909
36	47	1	2026-01-31 09:11:40	CANCELLED	2026-02-20 11:01:39.845909
37	44	3	2026-01-30 11:08:27	PENDING	2026-02-20 11:01:39.845909
38	3	2	2026-02-27 08:19:20	COMPLETED	2026-02-20 11:01:39.845909
39	37	1	2026-01-30 20:23:34	COMPLETED	2026-02-20 11:01:39.845909
40	7	2	2026-02-25 07:30:36	COMPLETED	2026-02-20 11:01:39.845909
41	21	2	2026-02-23 20:30:08	CANCELLED	2026-02-20 11:01:39.845909
42	9	2	2026-03-21 01:48:40	PENDING	2026-02-20 11:01:39.845909
43	39	3	2026-02-16 03:24:20	CANCELLED	2026-02-20 11:01:39.845909
44	18	3	2026-01-25 16:16:27	CANCELLED	2026-02-20 11:01:39.845909
45	4	1	2026-03-07 01:33:54	COMPLETED	2026-02-20 11:01:39.845909
46	25	1	2026-03-14 12:31:46	CANCELLED	2026-02-20 11:01:39.845909
47	14	3	2026-02-02 13:53:36	COMPLETED	2026-02-20 11:01:39.845909
48	50	2	2026-02-27 05:04:35	PENDING	2026-02-20 11:01:39.845909
49	9	1	2026-01-29 02:38:42	COMPLETED	2026-02-20 11:01:39.845909
50	26	3	2026-03-16 01:22:31	PENDING	2026-02-20 11:01:39.845909
51	2	3	2026-02-18 22:10:56	COMPLETED	2026-02-20 11:01:39.845909
52	20	3	2026-02-25 13:41:53	CANCELLED	2026-02-20 11:01:39.845909
53	28	2	2026-03-18 12:21:19	CANCELLED	2026-02-20 11:01:39.845909
54	47	3	2026-02-09 03:05:32	PENDING	2026-02-20 11:01:39.845909
55	7	3	2026-01-28 05:06:09	PENDING	2026-02-20 11:01:39.845909
56	44	3	2026-01-25 21:48:21	PENDING	2026-02-20 11:01:39.845909
57	8	3	2026-02-12 14:04:08	COMPLETED	2026-02-20 11:01:39.845909
58	47	1	2026-02-18 13:21:01	COMPLETED	2026-02-20 11:01:39.845909
59	35	1	2026-01-29 04:57:22	PENDING	2026-02-20 11:01:39.845909
60	14	3	2026-02-13 01:28:10	CANCELLED	2026-02-20 11:01:39.845909
61	17	2	2026-01-31 06:22:40	COMPLETED	2026-02-20 11:01:39.845909
62	36	1	2026-02-27 08:47:08	COMPLETED	2026-02-20 11:01:39.845909
63	50	3	2026-02-17 10:45:10	COMPLETED	2026-02-20 11:01:39.845909
64	40	1	2026-03-06 11:33:00	PENDING	2026-02-20 11:01:39.845909
65	4	1	2026-02-25 21:08:53	PENDING	2026-02-20 11:01:39.845909
66	2	2	2026-02-06 06:02:20	PENDING	2026-02-20 11:01:39.845909
67	6	3	2026-02-26 09:36:42	PENDING	2026-02-20 11:01:39.845909
68	42	3	2026-02-24 22:52:05	PENDING	2026-02-20 11:01:39.845909
69	4	2	2026-02-10 19:12:51	CANCELLED	2026-02-20 11:01:39.845909
70	29	2	2026-02-16 09:07:51	CANCELLED	2026-02-20 11:01:39.845909
71	18	3	2026-01-28 09:24:26	PENDING	2026-02-20 11:01:39.845909
72	26	3	2026-03-21 14:24:20	COMPLETED	2026-02-20 11:01:39.845909
73	44	2	2026-02-07 01:48:34	PENDING	2026-02-20 11:01:39.845909
74	34	1	2026-03-14 07:39:49	CANCELLED	2026-02-20 11:01:39.845909
75	10	1	2026-02-14 05:28:41	CANCELLED	2026-02-20 11:01:39.845909
76	36	2	2026-02-06 07:46:58	COMPLETED	2026-02-20 11:01:39.845909
77	14	1	2026-03-07 08:10:18	CANCELLED	2026-02-20 11:01:39.845909
78	31	2	2026-02-27 07:13:21	PENDING	2026-02-20 11:01:39.845909
79	48	1	2026-02-16 16:03:05	COMPLETED	2026-02-20 11:01:39.845909
80	15	1	2026-03-16 12:48:52	PENDING	2026-02-20 11:01:39.845909
81	8	3	2026-02-11 18:46:04	PENDING	2026-02-20 11:01:39.845909
82	14	3	2026-02-21 22:39:39	COMPLETED	2026-02-20 11:01:39.845909
83	23	1	2026-01-26 21:22:20	PENDING	2026-02-20 11:01:39.845909
84	40	1	2026-02-12 16:44:53	CANCELLED	2026-02-20 11:01:39.845909
85	21	3	2026-01-24 13:49:35	PENDING	2026-02-20 11:01:39.845909
86	16	3	2026-02-21 02:05:10	COMPLETED	2026-02-20 11:01:39.845909
87	45	3	2026-03-01 09:48:33	COMPLETED	2026-02-20 11:01:39.845909
88	18	2	2026-02-16 10:54:32	COMPLETED	2026-02-20 11:01:39.845909
89	47	1	2026-01-27 21:15:29	PENDING	2026-02-20 11:01:39.845909
90	24	3	2026-02-10 22:39:11	COMPLETED	2026-02-20 11:01:39.845909
91	26	1	2026-03-17 12:39:10	COMPLETED	2026-02-20 11:01:39.845909
92	25	2	2026-02-21 00:16:48	PENDING	2026-02-20 11:01:39.845909
93	45	2	2026-02-11 02:28:59	CANCELLED	2026-02-20 11:01:39.845909
94	41	3	2026-03-10 22:19:14	PENDING	2026-02-20 11:01:39.845909
95	29	2	2026-02-28 20:54:59	COMPLETED	2026-02-20 11:01:39.845909
96	15	1	2026-03-07 00:13:47	COMPLETED	2026-02-20 11:01:39.845909
97	45	3	2026-02-04 07:56:32	PENDING	2026-02-20 11:01:39.845909
98	1	1	2026-02-16 04:14:34	CANCELLED	2026-02-20 11:01:39.845909
99	25	1	2026-02-04 00:23:23	COMPLETED	2026-02-20 11:01:39.845909
100	7	2	2026-02-14 09:42:40	COMPLETED	2026-02-20 11:01:39.845909
101	9	2	2026-03-16 23:06:36	COMPLETED	2026-02-20 11:01:39.845909
102	24	2	2026-03-14 18:56:08	PENDING	2026-02-20 11:01:39.845909
103	1	2	2026-02-15 23:15:35	COMPLETED	2026-02-20 11:01:39.845909
104	44	2	2026-03-19 05:12:41	CANCELLED	2026-02-20 11:01:39.845909
105	8	3	2026-03-04 01:21:02	COMPLETED	2026-02-20 11:01:39.845909
106	24	1	2026-03-19 02:45:27	COMPLETED	2026-02-20 11:01:39.845909
107	11	1	2026-03-01 05:41:53	CANCELLED	2026-02-20 11:01:39.845909
108	17	1	2026-02-25 14:32:25	COMPLETED	2026-02-20 11:01:39.845909
109	8	1	2026-02-11 18:04:54	PENDING	2026-02-20 11:01:39.845909
110	35	2	2026-02-03 21:21:49	PENDING	2026-02-20 11:01:39.845909
111	35	1	2026-03-11 22:18:35	PENDING	2026-02-20 11:01:39.845909
112	33	3	2026-03-10 09:00:09	CANCELLED	2026-02-20 11:01:39.845909
113	5	3	2026-01-30 06:51:42	COMPLETED	2026-02-20 11:01:39.845909
114	42	1	2026-01-26 00:48:59	PENDING	2026-02-20 11:01:39.845909
115	39	1	2026-02-01 02:31:42	CANCELLED	2026-02-20 11:01:39.845909
116	41	3	2026-02-05 07:10:24	COMPLETED	2026-02-20 11:01:39.845909
117	28	3	2026-02-05 23:48:45	CANCELLED	2026-02-20 11:01:39.845909
118	7	2	2026-03-03 10:43:53	PENDING	2026-02-20 11:01:39.845909
119	9	3	2026-03-20 08:45:40	PENDING	2026-02-20 11:01:39.845909
120	8	2	2026-01-27 15:03:28	PENDING	2026-02-20 11:01:39.845909
121	12	2	2026-02-27 19:36:01	CANCELLED	2026-02-20 11:01:39.845909
122	34	2	2026-02-27 12:15:53	CANCELLED	2026-02-20 11:01:39.845909
123	33	2	2026-03-20 07:32:53	PENDING	2026-02-20 11:01:39.845909
124	48	2	2026-03-07 21:39:46	CANCELLED	2026-02-20 11:01:39.845909
125	23	1	2026-03-13 19:57:11	PENDING	2026-02-20 11:01:39.845909
126	24	3	2026-02-14 20:51:53	PENDING	2026-02-20 11:01:39.845909
127	37	2	2026-03-16 04:08:14	COMPLETED	2026-02-20 11:01:39.845909
128	35	3	2026-01-22 13:46:48	CANCELLED	2026-02-20 11:01:39.845909
129	44	3	2026-02-01 13:57:08	PENDING	2026-02-20 11:01:39.845909
130	40	2	2026-03-14 14:15:32	PENDING	2026-02-20 11:01:39.845909
131	22	1	2026-02-16 08:46:30	CANCELLED	2026-02-20 11:01:39.845909
132	27	2	2026-02-23 11:41:37	COMPLETED	2026-02-20 11:01:39.845909
133	35	1	2026-02-01 06:57:46	COMPLETED	2026-02-20 11:01:39.845909
134	1	3	2026-02-18 22:55:56	PENDING	2026-02-20 11:01:39.845909
135	35	1	2026-03-04 16:06:14	CANCELLED	2026-02-20 11:01:39.845909
136	37	1	2026-02-05 19:33:42	COMPLETED	2026-02-20 11:01:39.845909
137	47	1	2026-03-06 12:16:49	CANCELLED	2026-02-20 11:01:39.845909
138	14	3	2026-01-21 18:35:22	CANCELLED	2026-02-20 11:01:39.845909
139	3	3	2026-02-16 00:46:06	PENDING	2026-02-20 11:01:39.845909
140	1	1	2026-03-11 01:28:39	COMPLETED	2026-02-20 11:01:39.845909
141	5	1	2026-02-07 19:18:59	PENDING	2026-02-20 11:01:39.845909
142	26	2	2026-03-11 18:00:41	COMPLETED	2026-02-20 11:01:39.845909
143	14	1	2026-01-31 18:58:57	COMPLETED	2026-02-20 11:01:39.845909
144	39	2	2026-02-19 10:27:15	COMPLETED	2026-02-20 11:01:39.845909
145	27	1	2026-03-11 17:58:03	COMPLETED	2026-02-20 11:01:39.845909
146	9	2	2026-03-21 14:01:51	COMPLETED	2026-02-20 11:01:39.845909
147	15	3	2026-02-09 18:31:26	CANCELLED	2026-02-20 11:01:39.845909
148	15	1	2026-02-05 07:10:07	PENDING	2026-02-20 11:01:39.845909
149	26	1	2026-02-26 18:18:35	CANCELLED	2026-02-20 11:01:39.845909
150	42	1	2026-02-06 03:27:50	COMPLETED	2026-02-20 11:01:39.845909
151	13	1	2026-03-14 19:52:18	PENDING	2026-02-20 11:01:39.845909
152	32	2	2026-03-13 22:50:28	COMPLETED	2026-02-20 11:01:39.845909
153	39	1	2026-01-21 12:21:36	PENDING	2026-02-20 11:01:39.845909
154	49	3	2026-03-20 14:40:10	CANCELLED	2026-02-20 11:01:39.845909
155	32	3	2026-02-21 22:21:57	PENDING	2026-02-20 11:01:39.845909
156	4	1	2026-03-09 21:33:40	PENDING	2026-02-20 11:01:39.845909
157	30	3	2026-01-23 08:24:41	PENDING	2026-02-20 11:01:39.845909
158	37	1	2026-02-01 07:41:53	PENDING	2026-02-20 11:01:39.845909
159	23	1	2026-02-25 16:50:02	PENDING	2026-02-20 11:01:39.845909
160	39	3	2026-02-20 07:35:14	COMPLETED	2026-02-20 11:01:39.845909
161	45	1	2026-02-13 16:59:30	PENDING	2026-02-20 11:01:39.845909
162	15	3	2026-01-27 02:00:10	PENDING	2026-02-20 11:01:39.845909
163	43	2	2026-02-13 20:17:56	CANCELLED	2026-02-20 11:01:39.845909
164	29	1	2026-03-17 13:03:53	PENDING	2026-02-20 11:01:39.845909
165	36	2	2026-01-29 02:32:41	CANCELLED	2026-02-20 11:01:39.845909
166	13	3	2026-01-29 18:36:52	COMPLETED	2026-02-20 11:01:39.845909
167	32	2	2026-03-09 15:28:02	PENDING	2026-02-20 11:01:39.845909
168	7	2	2026-01-28 04:18:15	CANCELLED	2026-02-20 11:01:39.845909
169	22	3	2026-03-14 04:19:22	CANCELLED	2026-02-20 11:01:39.845909
170	28	2	2026-02-02 16:04:14	COMPLETED	2026-02-20 11:01:39.845909
171	2	2	2026-02-02 22:12:04	PENDING	2026-02-20 11:01:39.845909
172	42	3	2026-03-08 14:30:56	PENDING	2026-02-20 11:01:39.845909
173	45	2	2026-03-15 20:09:45	CANCELLED	2026-02-20 11:01:39.845909
174	6	3	2026-02-06 11:48:04	PENDING	2026-02-20 11:01:39.845909
175	28	2	2026-02-16 04:39:15	CANCELLED	2026-02-20 11:01:39.845909
176	28	3	2026-03-13 16:35:47	PENDING	2026-02-20 11:01:39.845909
177	44	3	2026-03-21 08:29:37	CANCELLED	2026-02-20 11:01:39.845909
178	44	2	2026-03-03 13:00:37	PENDING	2026-02-20 11:01:39.845909
179	20	2	2026-02-11 00:33:11	COMPLETED	2026-02-20 11:01:39.845909
180	30	2	2026-03-14 19:40:42	PENDING	2026-02-20 11:01:39.845909
181	11	1	2026-02-09 23:44:36	PENDING	2026-02-20 11:01:39.845909
182	28	1	2026-02-20 17:22:44	COMPLETED	2026-02-20 11:01:39.845909
183	25	1	2026-03-01 04:44:48	PENDING	2026-02-20 11:01:39.845909
184	39	3	2026-02-26 17:09:37	COMPLETED	2026-02-20 11:01:39.845909
185	33	2	2026-03-04 23:52:28	PENDING	2026-02-20 11:01:39.845909
186	1	3	2026-03-12 17:03:59	CANCELLED	2026-02-20 11:01:39.845909
187	27	1	2026-03-06 07:03:59	CANCELLED	2026-02-20 11:01:39.845909
188	13	2	2026-02-02 04:59:15	PENDING	2026-02-20 11:01:39.845909
189	41	3	2026-02-14 12:41:22	PENDING	2026-02-20 11:01:39.845909
190	3	2	2026-02-12 06:36:36	PENDING	2026-02-20 11:01:39.845909
191	39	3	2026-01-27 16:13:07	CANCELLED	2026-02-20 11:01:39.845909
192	6	2	2026-02-23 06:49:26	PENDING	2026-02-20 11:01:39.845909
193	8	1	2026-01-23 12:02:27	CANCELLED	2026-02-20 11:01:39.845909
194	27	1	2026-03-19 13:53:10	COMPLETED	2026-02-20 11:01:39.845909
195	9	2	2026-03-16 05:45:29	CANCELLED	2026-02-20 11:01:39.845909
196	37	3	2026-02-12 19:14:01	CANCELLED	2026-02-20 11:01:39.845909
197	33	1	2026-03-19 14:11:32	COMPLETED	2026-02-20 11:01:39.845909
198	42	1	2026-02-11 20:10:16	CANCELLED	2026-02-20 11:01:39.845909
199	44	1	2026-01-22 03:47:00	PENDING	2026-02-20 11:01:39.845909
200	24	2	2026-01-28 08:27:12	PENDING	2026-02-20 11:01:39.845909
\.


--
-- Data for Name: customers; Type: TABLE DATA; Schema: public; Owner: postgres
--

COPY public.customers (customer_id, name, phone, email, created_at) FROM stdin;
1	Allison Hill	0830433218	allisonhill@gmail.com	2025-10-30 14:15:20
2	Noah Rhodes	0839600133	noahrhodes@gmail.com	2025-07-15 05:29:03
3	Angie Henderson	0828386379	angiehenderson@gmail.com	2025-08-09 08:20:30
4	Daniel Wagner	0740265423	danielwagner@gmail.com	2026-02-04 13:57:50
5	Cristian Santos	0761161559	cristiansantos@gmail.com	2025-09-09 05:06:34
6	Connie Lawrence	0740781618	connielawrence@gmail.com	2025-08-14 13:06:32
7	Abigail Shaffer	0749593103	abigailshaffer@gmail.com	2025-04-08 04:47:38
8	Gina Moore	0741316475	ginamoore@gmail.com	2025-05-27 11:36:03
9	Gabrielle Davis	0725534192	gabrielledavis@gmail.com	2025-05-18 11:17:02
10	Ryan Munoz	0732764835	ryanmunoz@gmail.com	2025-03-17 01:43:03
11	Monica Herrera	0823056413	monicaherrera@gmail.com	2025-07-01 12:08:20
12	Jamie Arnold	0763767242	jamiearnold@gmail.com	2025-02-28 09:00:23
13	Lisa Hensley	0738849696	lisahensley@gmail.com	2025-10-06 16:23:15
14	Michele Williams	0763287101	michelewilliams@gmail.com	2025-09-23 07:52:33
15	Dylan Miller	0722691669	dylanmiller@gmail.com	2025-05-20 13:46:40
16	Brian Ramirez	0798480184	brianramirez@gmail.com	2025-10-06 17:36:44
17	Holly Wood	0761462704	hollywood@gmail.com	2025-05-16 17:31:40
18	Derek Zuniga	0728148932	derekzuniga@gmail.com	2025-02-22 23:58:35
19	Lisa Jackson	0762880957	lisajackson@gmail.com	2025-03-19 18:39:23
20	Carla Gray	0821543039	carlagray@gmail.com	2025-11-22 02:30:31
21	Margaret Hawkins DDS	0831718227	margaretdds@gmail.com	2025-10-23 07:15:32
22	Patty Perez	0724896383	pattyperez@gmail.com	2025-03-15 01:41:46
23	Ethan Adams	0746578713	ethanadams@gmail.com	2025-05-20 02:50:42
24	Tommy Walter	0731509839	tommywalter@gmail.com	2025-03-18 09:10:10
25	Matthew Foster	0730103105	matthewfoster@gmail.com	2026-02-06 20:04:45
26	Judy Baker	0838347382	judybaker@gmail.com	2025-03-04 09:44:34
27	Justin Baker	0793763116	justinbaker@gmail.com	2026-01-20 01:20:08
28	Stephanie Ross	0766670106	stephanieross@gmail.com	2025-06-28 12:46:11
29	Zachary Hicks	0761333872	zacharyhicks@gmail.com	2025-03-19 17:23:29
30	Anthony Rodriguez	0782473178	anthonyrodriguez@gmail.com	2025-09-07 21:14:07
31	Rebecca Henderson	0830801326	rebeccahenderson@gmail.com	2025-05-23 15:19:01
32	James Ferrell	0797360260	jamesferrell@gmail.com	2025-06-08 08:32:57
33	Tricia Valencia	0784746872	triciavalencia@gmail.com	2025-11-07 00:16:40
34	Nathan Maldonado	0734309805	nathanmaldonado@gmail.com	2025-08-27 17:20:38
35	Debra Davidson	0820978820	debradavidson@gmail.com	2025-05-14 09:47:05
36	Jeffrey Chavez	0832191361	jeffreychavez@gmail.com	2025-09-17 14:58:39
37	Sherri Baker	0739909169	sherribaker@gmail.com	2025-04-12 14:11:19
38	Cassandra Gaines	0764353462	cassandragaines@gmail.com	2025-11-28 03:05:15
39	Elizabeth Fowler	0747510799	elizabethfowler@gmail.com	2026-02-18 12:34:39
40	Brittany Farmer	0831838425	brittanyfarmer@gmail.com	2026-01-28 21:21:33
41	Paula Moreno	0833542784	paulamoreno@gmail.com	2025-09-29 23:27:37
42	Fred Smith	0828412411	fredsmith@gmail.com	2025-10-01 23:38:05
43	Sherry Decker	0724493534	sherrydecker@gmail.com	2025-08-22 18:33:58
44	Anthony Humphrey	0794016400	anthonyhumphrey@gmail.com	2025-05-25 13:51:05
45	Angelica Tucker	0762427868	angelicatucker@gmail.com	2025-12-21 22:08:10
46	Philip Cannon	0821128059	philipcannon@gmail.com	2025-08-22 21:22:49
47	John Pierce	0726204505	johnpierce@gmail.com	2025-12-30 19:22:14
48	Shane Henderson	0733158692	shanehenderson@gmail.com	2025-07-28 07:01:36
49	Joshua Blair	0732260256	joshuablair@gmail.com	2025-05-05 03:42:07
50	Eric Carney	0734216073	ericcarney@gmail.com	2025-03-28 20:07:59
51	Allison Hill	0.0	allisonhill@gmail.com	2025-10-30 14:20:06
52	Noah Rhodes	0.0	noahrhodes@gmail.com	2025-07-15 05:33:49
53	Angie Henderson	0.0	angiehenderson@gmail.com	2025-08-09 08:25:16
54	Daniel Wagner	0.0	danielwagner@gmail.com	2026-02-04 14:02:36
55	Cristian Santos	0.0	cristiansantos@gmail.com	2025-09-09 05:11:20
56	Connie Lawrence	0.0	connielawrence@gmail.com	2025-08-14 13:11:18
57	Abigail Shaffer	0.0	abigailshaffer@gmail.com	2025-04-08 04:52:24
58	Gina Moore	0.0	ginamoore@gmail.com	2025-05-27 11:40:49
59	Gabrielle Davis	0.0	gabrielledavis@gmail.com	2025-05-18 11:21:48
60	Ryan Munoz	0.0	ryanmunoz@gmail.com	2025-03-17 01:47:49
61	Monica Herrera	0.0	monicaherrera@gmail.com	2025-07-01 12:13:06
62	Jamie Arnold	0.0	jamiearnold@gmail.com	2025-02-28 09:05:09
63	Lisa Hensley	0.0	lisahensley@gmail.com	2025-10-06 16:28:01
64	Michele Williams	0.0	michelewilliams@gmail.com	2025-09-23 07:57:19
65	Dylan Miller	0.0	dylanmiller@gmail.com	2025-05-20 13:51:26
66	Brian Ramirez	0.0	brianramirez@gmail.com	2025-10-06 17:41:30
67	Holly Wood	0.0	hollywood@gmail.com	2025-05-16 17:36:26
68	Derek Zuniga	0.0	derekzuniga@gmail.com	2025-02-23 00:03:21
69	Lisa Jackson	0.0	lisajackson@gmail.com	2025-03-19 18:44:09
70	Carla Gray	0.0	carlagray@gmail.com	2025-11-22 02:35:17
71	Margaret Hawkins DDS	0.0	margaretdds@gmail.com	2025-10-23 07:20:18
72	Patty Perez	0.0	pattyperez@gmail.com	2025-03-15 01:46:32
73	Ethan Adams	0.0	ethanadams@gmail.com	2025-05-20 02:55:28
74	Tommy Walter	0.0	tommywalter@gmail.com	2025-03-18 09:14:56
75	Matthew Foster	0.0	matthewfoster@gmail.com	2026-02-06 20:09:31
76	Judy Baker	0.0	judybaker@gmail.com	2025-03-04 09:49:20
77	Justin Baker	0.0	justinbaker@gmail.com	2026-01-20 01:24:54
78	Stephanie Ross	0.0	stephanieross@gmail.com	2025-06-28 12:50:57
79	Zachary Hicks	0.0	zacharyhicks@gmail.com	2025-03-19 17:28:15
80	Anthony Rodriguez	0.0	anthonyrodriguez@gmail.com	2025-09-07 21:18:53
81	Rebecca Henderson	0.0	rebeccahenderson@gmail.com	2025-05-23 15:23:47
82	James Ferrell	0.0	jamesferrell@gmail.com	2025-06-08 08:37:43
83	Tricia Valencia	0.0	triciavalencia@gmail.com	2025-11-07 00:21:26
84	Nathan Maldonado	0.0	nathanmaldonado@gmail.com	2025-08-27 17:25:24
85	Debra Davidson	0.0	debradavidson@gmail.com	2025-05-14 09:51:51
86	Jeffrey Chavez	0.0	jeffreychavez@gmail.com	2025-09-17 15:03:25
87	Sherri Baker	0.0	sherribaker@gmail.com	2025-04-12 14:16:05
88	Cassandra Gaines	0.0	cassandragaines@gmail.com	2025-11-28 03:10:01
89	Elizabeth Fowler	0.0	elizabethfowler@gmail.com	2026-02-18 12:39:25
90	Brittany Farmer	0.0	brittanyfarmer@gmail.com	2026-01-28 21:26:19
91	Paula Moreno	0.0	paulamoreno@gmail.com	2025-09-29 23:32:23
92	Fred Smith	0.0	fredsmith@gmail.com	2025-10-01 23:42:51
93	Sherry Decker	0.0	sherrydecker@gmail.com	2025-08-22 18:38:44
94	Anthony Humphrey	0.0	anthonyhumphrey@gmail.com	2025-05-25 13:55:51
95	Angelica Tucker	0.0	angelicatucker@gmail.com	2025-12-21 22:12:56
96	Philip Cannon	0.0	philipcannon@gmail.com	2025-08-22 21:27:35
97	John Pierce	0.0	johnpierce@gmail.com	2025-12-30 19:27:00
98	Shane Henderson	0.0	shanehenderson@gmail.com	2025-07-28 07:06:22
99	Joshua Blair	0.0	joshuablair@gmail.com	2025-05-05 03:46:53
100	Eric Carney	0.0	ericcarney@gmail.com	2025-03-28 20:12:45
\.


--
-- Data for Name: feedback; Type: TABLE DATA; Schema: public; Owner: postgres
--

COPY public.feedback (feedback_id, booking_id, rating) FROM stdin;
1	1	3
2	5	5
3	6	2
4	9	3
5	12	5
6	14	1
7	16	2
8	17	2
9	18	2
10	19	3
11	21	5
12	22	5
13	24	1
14	31	1
15	33	2
16	38	1
17	39	3
18	40	5
19	45	2
20	47	1
21	49	3
22	51	3
23	57	1
24	58	5
25	61	1
26	62	2
27	63	1
28	72	3
29	76	1
30	79	5
31	82	4
32	86	1
33	87	5
34	88	5
35	90	3
36	91	5
37	95	5
38	96	5
39	99	5
40	100	2
41	101	2
42	103	3
43	105	1
44	106	5
45	108	1
46	113	1
47	116	3
48	127	5
49	132	5
50	133	4
51	136	1
52	140	1
53	142	2
54	143	4
55	144	2
56	145	2
57	146	2
58	150	3
59	152	3
60	160	2
61	166	4
62	170	1
63	179	4
64	182	5
65	184	3
66	194	1
67	197	1
\.


--
-- Data for Name: payments; Type: TABLE DATA; Schema: public; Owner: postgres
--

COPY public.payments (payment_id, booking_id, amount, payment_method, payment_date) FROM stdin;
1	1	300.00	Transfer	2026-02-02 06:48:57
2	5	150.00	Cash	2026-02-13 03:30:52
3	6	220.00	Transfer	2026-02-05 00:32:33
4	9	220.00	Cash	2026-01-29 21:58:40
5	12	300.00	Cash	2026-01-26 13:27:17
6	14	150.00	Transfer	2026-01-30 13:43:17
7	16	150.00	Cash	2026-02-15 01:32:06
8	17	300.00	Transfer	2026-03-11 12:57:32
9	18	150.00	Cash	2026-03-22 22:12:04
10	19	220.00	Cash	2026-01-24 01:13:44
11	21	220.00	Card	2026-02-10 18:43:16
12	22	300.00	Card	2026-03-15 09:12:05
13	24	150.00	Transfer	2026-02-13 21:03:34
14	31	220.00	Card	2026-02-23 12:14:13
15	33	300.00	Transfer	2026-02-05 13:41:21
16	38	220.00	Card	2026-02-27 08:41:26
17	39	150.00	Cash	2026-01-31 20:45:40
18	40	220.00	Transfer	2026-02-25 07:52:42
19	45	150.00	Transfer	2026-03-08 01:56:00
20	47	300.00	Cash	2026-02-03 14:15:42
21	49	150.00	Transfer	2026-01-29 03:00:48
22	51	300.00	Transfer	2026-02-18 22:33:02
23	57	300.00	Card	2026-02-12 14:26:14
24	58	150.00	Transfer	2026-02-20 13:43:07
25	61	220.00	Cash	2026-01-31 06:44:46
26	62	150.00	Card	2026-02-28 09:09:14
27	63	300.00	Card	2026-02-17 11:07:16
28	72	300.00	Cash	2026-03-23 14:46:26
29	76	220.00	Cash	2026-02-06 08:09:04
30	79	150.00	Card	2026-02-18 16:25:11
31	82	300.00	Transfer	2026-02-23 23:01:45
32	86	300.00	Card	2026-02-21 02:27:16
33	87	300.00	Cash	2026-03-02 10:10:39
34	88	220.00	Card	2026-02-18 11:16:38
35	90	300.00	Cash	2026-02-10 23:01:17
36	91	150.00	Card	2026-03-17 13:01:16
37	95	220.00	Transfer	2026-03-01 21:17:05
38	96	150.00	Card	2026-03-09 00:35:53
39	99	150.00	Card	2026-02-06 00:45:29
40	100	220.00	Cash	2026-02-14 10:04:46
41	101	220.00	Cash	2026-03-16 23:28:42
42	103	220.00	Cash	2026-02-16 23:37:41
43	105	300.00	Card	2026-03-05 01:43:08
44	106	150.00	Transfer	2026-03-21 03:07:33
45	108	150.00	Cash	2026-02-27 14:54:31
46	113	300.00	Cash	2026-01-30 07:13:48
47	116	300.00	Card	2026-02-07 07:32:30
48	127	220.00	Cash	2026-03-17 04:30:20
49	132	220.00	Transfer	2026-02-24 12:03:43
50	133	150.00	Transfer	2026-02-01 07:19:52
51	136	150.00	Cash	2026-02-06 19:55:48
52	140	150.00	Cash	2026-03-12 01:50:45
53	142	220.00	Card	2026-03-12 18:22:47
54	143	150.00	Transfer	2026-02-01 19:21:03
55	144	220.00	Transfer	2026-02-19 10:49:21
56	145	150.00	Cash	2026-03-11 18:20:09
57	146	220.00	Card	2026-03-23 14:23:57
58	150	150.00	Transfer	2026-02-07 03:49:56
59	152	220.00	Transfer	2026-03-15 23:12:34
60	160	300.00	Card	2026-02-20 07:57:20
61	166	300.00	Card	2026-01-29 18:58:58
62	170	220.00	Transfer	2026-02-02 16:26:20
63	179	220.00	Transfer	2026-02-11 00:55:17
64	182	150.00	Card	2026-02-20 17:44:50
65	184	300.00	Transfer	2026-02-26 17:31:43
66	194	150.00	Cash	2026-03-19 14:15:16
67	197	150.00	Cash	2026-03-20 14:33:38
\.


--
-- Data for Name: services; Type: TABLE DATA; Schema: public; Owner: postgres
--

COPY public.services (service_id, name, price) FROM stdin;
1	Basic Wash	150.00
2	Premium Wash	220.00
3	Detailing	300.00
\.


--
-- Name: bookings_booking_id_seq; Type: SEQUENCE SET; Schema: public; Owner: postgres
--

SELECT pg_catalog.setval('public.bookings_booking_id_seq', 1, false);


--
-- Name: customers_customer_id_seq; Type: SEQUENCE SET; Schema: public; Owner: postgres
--

SELECT pg_catalog.setval('public.customers_customer_id_seq', 100, true);


--
-- Name: feedback_feedback_id_seq; Type: SEQUENCE SET; Schema: public; Owner: postgres
--

SELECT pg_catalog.setval('public.feedback_feedback_id_seq', 67, true);


--
-- Name: payments_payment_id_seq; Type: SEQUENCE SET; Schema: public; Owner: postgres
--

SELECT pg_catalog.setval('public.payments_payment_id_seq', 67, true);


--
-- Name: services_service_id_seq; Type: SEQUENCE SET; Schema: public; Owner: postgres
--

SELECT pg_catalog.setval('public.services_service_id_seq', 1, false);


--
-- PostgreSQL database dump complete
--

\unrestrict rwVQcdjl7Ptkb7asXlo6uzqpiw7EBI9DpiygLRa6dHdKaPK84tANvNmVplPnDB4

